{
  "median_time": 14.86258539100163,
  "iqr": 0.3336707969974668,
  "speedup": 1.3658458112066012,
  "baseline_median": 20.3,
  "dialect": "SimpleDialect('|', '', '')",
  "n_warmup": 2,
  "n_measured": 5,
  "n_rows": 25000,
  "all_times": [
    15.150830935999693,
    14.526057327999297,
    14.86258539100163,
    14.60515681600009,
    14.938827612997557
  ]
}